<?xml version="1.0" encoding="UTF-8"?>
<!DOCTYPE mapper PUBLIC "-//mybatis.org//DTD Mapper 3.0//EN" "http://mybatis.org/dtd/mybatis-3-mapper.dtd">

<mapper namespace="com.bootdo.spotgrid.dao.AccountDao">

	<select id="get" resultType="com.bootdo.spotgrid.domain.AccountDO">
		select `id`,`account_name`,`account_key`,`account_secret`,`add_time`,`update_time` from spot_account where id = #{value}
	</select>

	<select id="list" resultType="com.bootdo.spotgrid.domain.AccountDO">
		select `id`,`account_name`,`account_key`,`account_secret`,`add_time`,`update_time` from spot_account
        <where>  
		  		  <if test="id != null and id != ''"> and id = #{id} </if>
		  		  <if test="accountName != null and accountName != ''"> and account_name = #{accountName} </if>
		  		  <if test="accountKey != null and accountKey != ''"> and account_key = #{accountKey} </if>
		  		  <if test="accountSecret != null and accountSecret != ''"> and account_secret = #{accountSecret} </if>
		  		  <if test="addTime != null and addTime != ''"> and add_time = #{addTime} </if>
		  		  <if test="updateTime != null and updateTime != ''"> and update_time = #{updateTime} </if>
		  		</where>
        <choose>
            <when test="sort != null and sort.trim() != ''">
                order by ${sort} ${order}
            </when>
			<otherwise>
                order by id desc
			</otherwise>
        </choose>
		<if test="offset != null and limit != null">
			limit #{offset}, #{limit}
		</if>
	</select>
	
 	<select id="count" resultType="int">
		select count(*) from spot_account
		 <where>  
		  		  <if test="id != null and id != ''"> and id = #{id} </if>
		  		  <if test="accountName != null and accountName != ''"> and account_name = #{accountName} </if>
		  		  <if test="accountKey != null and accountKey != ''"> and account_key = #{accountKey} </if>
		  		  <if test="accountSecret != null and accountSecret != ''"> and account_secret = #{accountSecret} </if>
		  		  <if test="addTime != null and addTime != ''"> and add_time = #{addTime} </if>
		  		  <if test="updateTime != null and updateTime != ''"> and update_time = #{updateTime} </if>
		  		</where>
	</select>
	 
	<insert id="save" parameterType="com.bootdo.spotgrid.domain.AccountDO">
		insert into spot_account
		(
			`id`, 
			`account_name`, 
			`account_key`, 
			`account_secret`, 
			`add_time`, 
			`update_time`
		)
		values
		(
			#{id}, 
			#{accountName}, 
			#{accountKey}, 
			#{accountSecret}, 
			#{addTime}, 
			#{updateTime}
		)
	</insert>
	 
	<update id="update" parameterType="com.bootdo.spotgrid.domain.AccountDO">
		update spot_account 
		<set>
			<if test="accountName != null">`account_name` = #{accountName}, </if>
			<if test="accountKey != null">`account_key` = #{accountKey}, </if>
			<if test="accountSecret != null">`account_secret` = #{accountSecret}, </if>
			<if test="addTime != null">`add_time` = #{addTime}, </if>
			<if test="updateTime != null">`update_time` = #{updateTime}</if>
		</set>
		where id = #{id}
	</update>
	
	<delete id="remove">
		delete from spot_account where id = #{value}
	</delete>
	
	<delete id="batchRemove">
		delete from spot_account where id in 
		<foreach item="id" collection="array" open="(" separator="," close=")">
			#{id}
		</foreach>
	</delete>

</mapper>