<?xml version="1.0" encoding="UTF-8"?>
<!DOCTYPE mapper PUBLIC "-//mybatis.org//DTD Mapper 3.0//EN" "http://mybatis.org/dtd/mybatis-3-mapper.dtd">

<mapper namespace="com.bootdo.spotgrid.dao.GridConfigDao">

	<select id="get" resultType="com.bootdo.spotgrid.domain.GridConfigDO">
		select `id`,`account_name`,`base_asset`,`quote_asset`,`cancel_type`,`grid_type`,`max_price`,`min_price`,`single_amt`,`pending_num`,`config`,`add_time`,`update_time` from spot_grid_config where id = #{value}
	</select>

	<select id="list" resultType="com.bootdo.spotgrid.domain.GridConfigDO">
		select `id`,`account_name`,`base_asset`,`quote_asset`,`cancel_type`,`grid_type`,`max_price`,`min_price`,`single_amt`,`pending_num`,`config`,`add_time`,`update_time` from spot_grid_config
        <where>  
		  		  <if test="id != null and id != ''"> and id = #{id} </if>
		  		  <if test="accountName != null and accountName != ''"> and account_name = #{accountName} </if>
		  		  <if test="baseAsset != null and baseAsset != ''"> and base_asset = #{baseAsset} </if>
		  		  <if test="quoteAsset != null and quoteAsset != ''"> and quote_asset = #{quoteAsset} </if>
		  		  <if test="cancelType != null and cancelType != ''"> and cancel_type = #{cancelType} </if>
		  		  <if test="gridType != null and gridType != ''"> and grid_type = #{gridType} </if>
		  		  <if test="maxPrice != null and maxPrice != ''"> and max_price = #{maxPrice} </if>
		  		  <if test="minPrice != null and minPrice != ''"> and min_price = #{minPrice} </if>
		  		  <if test="singleAmt != null and singleAmt != ''"> and single_amt = #{singleAmt} </if>
		  		  <if test="pendingNum != null and pendingNum != ''"> and pending_num = #{pendingNum} </if>
		  		  <if test="config != null and config != ''"> and config = #{config} </if>
		  		  <if test="addTime != null and addTime != ''"> and add_time = #{addTime} </if>
		  		  <if test="updateTime != null and updateTime != ''"> and update_time = #{updateTime} </if>
		  		</where>
        <choose>
            <when test="sort != null and sort.trim() != ''">
                order by ${sort} ${order}
            </when>
			<otherwise>
                order by id desc
			</otherwise>
        </choose>
		<if test="offset != null and limit != null">
			limit #{offset}, #{limit}
		</if>
	</select>
	
 	<select id="count" resultType="int">
		select count(*) from spot_grid_config
		 <where>  
		  		  <if test="id != null and id != ''"> and id = #{id} </if>
		  		  <if test="accountName != null and accountName != ''"> and account_name = #{accountName} </if>
		  		  <if test="baseAsset != null and baseAsset != ''"> and base_asset = #{baseAsset} </if>
		  		  <if test="quoteAsset != null and quoteAsset != ''"> and quote_asset = #{quoteAsset} </if>
		  		  <if test="cancelType != null and cancelType != ''"> and cancel_type = #{cancelType} </if>
		  		  <if test="gridType != null and gridType != ''"> and grid_type = #{gridType} </if>
		  		  <if test="maxPrice != null and maxPrice != ''"> and max_price = #{maxPrice} </if>
		  		  <if test="minPrice != null and minPrice != ''"> and min_price = #{minPrice} </if>
		  		  <if test="singleAmt != null and singleAmt != ''"> and single_amt = #{singleAmt} </if>
		  		  <if test="pendingNum != null and pendingNum != ''"> and pending_num = #{pendingNum} </if>
		  		  <if test="config != null and config != ''"> and config = #{config} </if>
		  		  <if test="addTime != null and addTime != ''"> and add_time = #{addTime} </if>
		  		  <if test="updateTime != null and updateTime != ''"> and update_time = #{updateTime} </if>
		  		</where>
	</select>
	 
	<insert id="save" parameterType="com.bootdo.spotgrid.domain.GridConfigDO">
		insert into spot_grid_config
		(
			`id`, 
			`account_name`, 
			`base_asset`, 
			`quote_asset`, 
			`cancel_type`, 
			`grid_type`, 
			`max_price`, 
			`min_price`, 
			`single_amt`, 
			`pending_num`, 
			`config`,
			`add_time`, 
			`update_time`
		)
		values
		(
			#{id}, 
			#{accountName}, 
			#{baseAsset}, 
			#{quoteAsset}, 
			#{cancelType}, 
			#{gridType}, 
			#{maxPrice}, 
			#{minPrice}, 
			#{singleAmt}, 
			#{pendingNum}, 
			#{config},
			#{addTime}, 
			#{updateTime}
		)
	</insert>
	 
	<update id="update" parameterType="com.bootdo.spotgrid.domain.GridConfigDO">
		update spot_grid_config 
		<set>
			<if test="accountName != null">`account_name` = #{accountName}, </if>
			<if test="baseAsset != null">`base_asset` = #{baseAsset}, </if>
			<if test="quoteAsset != null">`quote_asset` = #{quoteAsset}, </if>
			<if test="cancelType != null">`cancel_type` = #{cancelType}, </if>
			<if test="gridType != null">`grid_type` = #{gridType}, </if>
			<if test="maxPrice != null">`max_price` = #{maxPrice}, </if>
			<if test="minPrice != null">`min_price` = #{minPrice}, </if>
			<if test="singleAmt != null">`single_amt` = #{singleAmt}, </if>
			<if test="pendingNum != null">`pending_num` = #{pendingNum}, </if>
			<if test="config != null">`config` = #{config}, </if>
			<if test="addTime != null">`add_time` = #{addTime}, </if>
			<if test="updateTime != null">`update_time` = #{updateTime}</if>
		</set>
		where id = #{id}
	</update>
	
	<delete id="remove">
		delete from spot_grid_config where id = #{value}
	</delete>
	
	<delete id="batchRemove">
		delete from spot_grid_config where id in 
		<foreach item="id" collection="array" open="(" separator="," close=")">
			#{id}
		</foreach>
	</delete>

</mapper>