<?xml version="1.0" encoding="UTF-8"?>
<configuration  scan="true" scanPeriod="60 seconds" debug="false">
    <contextName>logback</contextName>
    <!--输出到控制台-->
    <appender name="console" class="ch.qos.logback.core.ConsoleAppender">
        <encoder>
            <pattern>%d{HH:mm:ss} [%thread] %-5level %logger{36} - %msg%n</pattern>
        </encoder>
    </appender>

    <!--按小时生成日志-->
    <appender name="logFile"  class="ch.qos.logback.classic.sift.SiftingAppender">
        <discriminator>
            <key>tracId</key>
            <defaultValue>automatic</defaultValue>
        </discriminator>
        <sift>
            <appender name="logFile-${tracId}"  class="com.bootdo.common.config.SpRollingFileAppender">
                <immediateFlush>false</immediateFlush>
                <idleTimeForceFlush>3000</idleTimeForceFlush>
                <Prudent>false</Prudent>
                <encoder>
                    <pattern>%n%d{yyyy-MM-dd HH:mm:ss} [%thread]  [%logger{50}] %n%-5level-%line-%X{runId}: %msg%n</pattern>
                    <charset>UTF-8</charset>
                </encoder>
                <rollingPolicy class="ch.qos.logback.core.rolling.TimeBasedRollingPolicy">
                    <FileNamePattern>applog/%d{yyyy-MM-dd,aux}/%d{yyyy-MM-dd-HH}/A-${tracId}.log.zip</FileNamePattern>
                    <cleanHistoryOnStart>true</cleanHistoryOnStart>
                    <maxHistory>120</maxHistory>
                    <totalSizeCap>30GB</totalSizeCap>
                </rollingPolicy>
            </appender>
        </sift>
    </appender>


    <appender name="errorFile"  class="ch.qos.logback.classic.sift.SiftingAppender">
        <discriminator>
            <key>tracId</key>
            <defaultValue>automatic</defaultValue>
        </discriminator>

        <sift>
            <appender name="errorFile-${tracId}"  class="com.bootdo.common.config.SpRollingFileAppender">
                <Prudent>false</Prudent>
                <immediateFlush>false</immediateFlush>
                <idleTimeForceFlush>6000</idleTimeForceFlush>
                <encoder>
                    <pattern>%n%d{yyyy-MM-dd HH:mm:ss} [%thread]  [%logger{50}] %n%-5level-%line-%X{runId}: %msg%n</pattern>
                    <charset>UTF-8</charset>
                </encoder>
                <rollingPolicy class="ch.qos.logback.core.rolling.TimeBasedRollingPolicy">
                    <FileNamePattern>applog/%d{yyyy-MM-dd,aux}/%d{yyyy-MM-dd-HH}/error/error-${tracId}.log</FileNamePattern>
                </rollingPolicy>
                <filter class="ch.qos.logback.classic.filter.LevelFilter">
                    <level>ERROR</level>
                    <onMatch>ACCEPT</onMatch>
                    <onMismatch>DENY</onMismatch>
                </filter>
            </appender>
        </sift>
    </appender>

    <appender name ="ASYNC_FILEINFO" class= "ch.qos.logback.classic.AsyncAppender">
        <!-- 设置为不丢失日志,默认如果队列的80%已满,则会丢弃TRACT、DEBUG、INFO级别的日志 -->
        <discardingThreshold>0</discardingThreshold>
        <includeCallerData>true</includeCallerData>
        <!-- 更改默认的队列的深度,默认值为256 -->
        <queueSize>1024</queueSize>
        <appender-ref ref ="logFile"/>
    </appender>

    <appender name ="ASYNC_FILEERROR" class= "ch.qos.logback.classic.AsyncAppender">
        <!-- 设置为不丢失日志,默认如果队列的80%已满,则会丢弃TRACT、DEBUG、INFO级别的日志 -->
        <discardingThreshold>0</discardingThreshold>
        <includeCallerData>true</includeCallerData>
        <!-- 更改默认的队列的深度,默认值为256 -->
        <queueSize>1024</queueSize>
        <appender-ref ref ="errorFile"/>
    </appender>

<!--     <logger name="com.bootdo" additivity="false">
         <appender-ref ref="console"/>
         <appender-ref ref="logFile" />
     </logger> -->

    <shutdownHook class="ch.qos.logback.core.hook.DelayingShutdownHook">
        <delay>5000</delay>
    </shutdownHook>

    <root level="error">
        <appender-ref ref="console"/>
        <appender-ref ref="ASYNC_FILEINFO" />
        <appender-ref ref="ASYNC_FILEERROR" />
    </root>

</configuration>
